<?xml version="1.0" encoding="UTF-8"?>
<configuration>
    <springProfile name="!prod">
        <appender name="CONSOLE" class="ch.qos.logback.core.ConsoleAppender">
            <encoder>
                <pattern>%d{HH:mm:ss.SSS} [%thread] %-5level %logger{36} - %msg%n</pattern>
            </encoder>
        </appender>
        <root level="INFO">
            <appender-ref ref="CONSOLE"/>
        </root>
        <logger name="com.example.todo" level="DEBUG"/>
    </springProfile>
    
    <springProfile name="prod">
        <appender name="FILE" class="ch.qos.logback.core.rolling.RollingFileAppender">
            <file>logs/todo-app.log</file>
            <rollingPolicy class="ch.qos.logback.core.rolling.TimeBasedRollingPolicy">
                <fileNamePattern>logs/todo-app.%d{yyyy-MM-dd}.%i.gz</fileNamePattern>
                <maxFileSize>10MB</maxFileSize>
                <maxHistory>30</maxHistory>
                <totalSizeCap>1GB</totalSizeCap>
            </rollingPolicy>
            <encoder>
                <pattern>%d{yyyy-MM-dd HH:mm:ss.SSS} [%thread] %-5level %logger{50} - %msg%n</pattern>
            </encoder>
        </appender>
        <root level="WARN">
            <appender-ref ref="FILE"/>
        </root>
        <logger name="com.example.todo" level="INFO"/>
    </springProfile>
</configuration>